text,reality,deberta_v3_base
"Bridge collapsed after the flood, vehicles stranded on both sides",real,infrastructure_and_utility_damage
"Bridge closed for repair work till Monday, please use the alternate route",routine,other_relevant_information
"Road blocked due to landslide, several houses damaged",real,infrastructure_and_utility_damage
Road blocked due to metro construction work near the station,routine,infrastructure_and_utility_damage
Power lines down across the town after the cyclone,real,infrastructure_and_utility_damage
Scheduled power cut tomorrow for maintenance of power lines,routine,other_relevant_information
"Building collapsed in the earthquake, people trapped inside",real,infrastructure_and_utility_damage
Old building being demolished today to make way for a new mall,routine,other_relevant_information
My exam today was a complete disaster,figurative,other_relevant_information
"That concert was fire, the crowd was flooding in",figurative,other_relevant_information
